{
  "f8e6b000-5643-4b86-9080-aa680ce1f599": {
    "asset": 1565056631464,
    "meta": 1552197698000,
    "relativePath": "image"
  },
  "fc09f9bd-2cce-4605-b630-8145ef809ed6": {
    "asset": 1565056598014,
    "meta": 1552197698000,
    "relativePath": "misc"
  },
  "f6e6dd15-71d1-4ffe-ace7-24fd39942c05": {
    "asset": 1565056631703,
    "meta": 1552197698000,
    "relativePath": "obsolete"
  },
  "f743d2b6-b7ea-4c14-a55b-547ed4d0a045": {
    "asset": 1565056631712,
    "meta": 1552197698000,
    "relativePath": "particle"
  },
  "ae6c6c98-11e4-452f-8758-75f5c6a56e83": {
    "asset": 1565056631482,
    "meta": 1552197698000,
    "relativePath": "prefab"
  },
  "5171f903-54a7-48a8-8ac2-5a9612458ada": {
    "asset": 1569743647457,
    "meta": 1533695689495,
    "relativePath": "shader"
  },
  "e395cf64-11a0-4fc1-813c-e01ee7262857": {
    "asset": 1569293012851,
    "meta": 1569293012889,
    "relativePath": "text.fire"
  },
  "14d5b913-6b2a-4110-8f5c-96b289c66d93": {
    "asset": 1563766042000,
    "meta": 1569230112701,
    "relativePath": "roomMin.png"
  },
  "d1e19c3d-5228-4b3e-a4a9-a5b48b501abc": {
    "asset": 1569230881774,
    "meta": 1569230949002,
    "relativePath": "shader\\ShaderManager.ts"
  },
  "c2c230be-6323-4a46-8e9d-93687e76c6eb": {
    "asset": 1565594839850,
    "meta": 1569232597214,
    "relativePath": "base_catchfish_2.jpg"
  },
  "13a3c863-7d29-45c6-86e8-546793895e71": {
    "asset": 1565594839841,
    "meta": 1569232597230,
    "relativePath": "base_catchfish_1.jpg"
  },
  "637ccde2-d9ad-4741-b9c7-a8578d2d67e2": {
    "asset": 1565594839858,
    "meta": 1569232597275,
    "relativePath": "base_catchfish_3.jpg"
  },
  "9ab90e65-cd79-4755-8b9f-d0ee4b1135e3": {
    "asset": 1565594839866,
    "meta": 1569232597289,
    "relativePath": "base_catchfish_4.jpg"
  },
  "70d0b1f1-8dc8-4e80-b97d-a324a6d4f3eb": {
    "asset": 1569233524326,
    "meta": 1569233584472,
    "relativePath": "shader\\ShaderMaterial.ts"
  },
  "dbe3812e-f5b6-426c-9787-16dab71154aa": {
    "asset": 1569289497526,
    "meta": 1569289556037,
    "relativePath": "shader\\ShaderComponent.ts"
  },
  "271957cc-313e-4da6-bc92-e49c22593a2d": {
    "asset": 1569293028924,
    "meta": 1569293030700,
    "relativePath": "shader\\ShaderLab.ts"
  },
  "b373efcb-d18a-4650-bd11-390ecafcfef6": {
    "asset": 1569743907546,
    "meta": 1569744083399,
    "relativePath": "shader\\role.fire"
  },
  "e7af76e5-dad9-4d73-ba07-9e318ae26a8f": {
    "asset": 1569814516810,
    "meta": 1569814516851,
    "relativePath": "role.fire"
  },
  "37cea844-7482-4a9b-890d-53b20804bed8": {
    "asset": 1569744543587,
    "meta": 1569744480794,
    "relativePath": "role"
  },
  "eedf4b64-e05f-4eb8-a9c6-ee3507600791": {
    "asset": 1555659630174,
    "meta": 1569750897803,
    "relativePath": "1.png"
  },
  "bcbf2f39-f959-4f1d-9965-25eea96bed64": {
    "asset": 1568599141149,
    "meta": 1569751020868,
    "relativePath": "jinchanFish18.plist"
  },
  "bbf14869-441c-4625-a07e-943891e22049": {
    "asset": 1568599141147,
    "meta": 1569751020806,
    "relativePath": "jinchanFish18.png"
  },
  "2ca4d89d-0a28-4019-8235-04b4f49a60ac": {
    "asset": 1569809063662,
    "meta": 1569809072704,
    "relativePath": "AnimationEx.ts"
  },
  "e851e89b-faa2-4484-bea6-5c01dd9f06e2": {
    "asset": 1552197698000,
    "meta": 1569811960889,
    "relativePath": "image\\default_btn_normal.png"
  },
  "71561142-4c83-4933-afca-cb7a17f67053": {
    "asset": 1552197698000,
    "meta": 1569811960892,
    "relativePath": "image\\default_btn_disabled.png"
  },
  "b43ff3c2-02bb-4874-81f7-f2dea6970f18": {
    "asset": 1552197698000,
    "meta": 1569811960908,
    "relativePath": "image\\default_btn_pressed.png"
  },
  "edd215b9-2796-4a05-aaf5-81f96c9281ce": {
    "asset": 1552197698000,
    "meta": 1569811960915,
    "relativePath": "image\\default_editbox_bg.png"
  },
  "99170b0b-d210-46f1-b213-7d9e3f23098a": {
    "asset": 1552197698000,
    "meta": 1569811960928,
    "relativePath": "image\\default_progressbar_bg.png"
  },
  "d81ec8ad-247c-4e62-aa3c-d35c4193c7af": {
    "asset": 1552197698000,
    "meta": 1569811960935,
    "relativePath": "image\\default_panel.png"
  },
  "cfef78f1-c8df-49b7-8ed0-4c953ace2621": {
    "asset": 1552197698000,
    "meta": 1569811960947,
    "relativePath": "image\\default_progressbar.png"
  },
  "567dcd80-8bf4-4535-8a5a-313f1caf078a": {
    "asset": 1552197698000,
    "meta": 1569811960951,
    "relativePath": "image\\default_radio_button_off.png"
  },
  "4bab67cb-18e6-4099-b840-355f0473f890": {
    "asset": 1552197698000,
    "meta": 1569811960967,
    "relativePath": "image\\default_scrollbar_bg.png"
  },
  "9d60001f-b5f4-4726-a629-2659e3ded0b8": {
    "asset": 1552197698000,
    "meta": 1569811960969,
    "relativePath": "image\\default_radio_button_on.png"
  },
  "d6d3ca85-4681-47c1-b5dd-d036a9d39ea2": {
    "asset": 1552197698000,
    "meta": 1569811960983,
    "relativePath": "image\\default_scrollbar_vertical.png"
  },
  "617323dd-11f4-4dd3-8eec-0caf6b3b45b9": {
    "asset": 1552197698000,
    "meta": 1569811960987,
    "relativePath": "image\\default_scrollbar_vertical_bg.png"
  },
  "0291c134-b3da-4098-b7b5-e397edbe947f": {
    "asset": 1552197698000,
    "meta": 1569811960999,
    "relativePath": "image\\default_scrollbar.png"
  },
  "0275e94c-56a7-410f-bd1a-fc7483f7d14a": {
    "asset": 1552197698000,
    "meta": 1569811961005,
    "relativePath": "image\\default_sprite_splash.png"
  },
  "73a0903d-d80e-4e3c-aa67-f999543c08f5": {
    "asset": 1552197698000,
    "meta": 1569811961018,
    "relativePath": "image\\default_toggle_checkmark.png"
  },
  "6e056173-d285-473c-b206-40a7fff5386e": {
    "asset": 1552197698000,
    "meta": 1569811961021,
    "relativePath": "image\\default_sprite.png"
  },
  "c25b9d50-c8fc-4d27-beeb-6e7c1f2e5c0f": {
    "asset": 1552197698000,
    "meta": 1569811961034,
    "relativePath": "image\\default_toggle_disabled.png"
  },
  "d29077ba-1627-4a72-9579-7b56a235340c": {
    "asset": 1552197698000,
    "meta": 1569811961037,
    "relativePath": "image\\default_toggle_normal.png"
  },
  "2be36297-9abb-4fee-8049-9ed5e271da8a": {
    "asset": 1552197698000,
    "meta": 1569811961048,
    "relativePath": "misc\\default_video.mp4"
  },
  "b181c1e4-0a72-4a91-bfb0-ae6f36ca60bd": {
    "asset": 1552197698000,
    "meta": 1569811961051,
    "relativePath": "image\\default_toggle_pressed.png"
  },
  "b2687ac4-099e-403c-a192-ff477686f4f5": {
    "asset": 1552197698000,
    "meta": 1569811961550,
    "relativePath": "particle\\atom.plist"
  },
  "b8223619-7e38-47c4-841f-9160c232495a": {
    "asset": 1552197698000,
    "meta": 1569811961551,
    "relativePath": "obsolete\\atom.plist"
  },
  "8a96b965-2dc0-4e03-aa90-3b79cb93b5b4": {
    "asset": 1552197698000,
    "meta": 1569811961071,
    "relativePath": "obsolete\\atom.png"
  },
  "d0a82d39-bede-46c4-b698-c81ff0dedfff": {
    "asset": 1552197698000,
    "meta": 1569811961076,
    "relativePath": "particle\\atom.png"
  },
  "972b9a4d-47ee-4c74-b5c3-61d8a69bc29f": {
    "asset": 1552197698000,
    "meta": 1569811961081,
    "relativePath": "prefab\\button.prefab"
  },
  "2c937608-2562-40ea-b264-7395df6f0cea": {
    "asset": 1552197698000,
    "meta": 1569811961084,
    "relativePath": "prefab\\canvas.prefab"
  },
  "61aeb05b-3b32-452b-8eed-2b76deeed554": {
    "asset": 1552197698000,
    "meta": 1569811961092,
    "relativePath": "prefab\\editbox.prefab"
  },
  "27756ebb-3d33-44b0-9b96-e858fadd4dd4": {
    "asset": 1552197698000,
    "meta": 1569811961096,
    "relativePath": "prefab\\label.prefab"
  },
  "785a442c-3ceb-45be-a46e-7317f625f3b9": {
    "asset": 1552197698000,
    "meta": 1569811961132,
    "relativePath": "prefab\\layout.prefab"
  },
  "ca8401fe-ad6e-41a8-bd46-8e3e4e9945be": {
    "asset": 1552197698000,
    "meta": 1569811961226,
    "relativePath": "prefab\\pageview.prefab"
  },
  "cd33edea-55f5-46c2-958d-357a01384a36": {
    "asset": 1552197698000,
    "meta": 1569811961242,
    "relativePath": "prefab\\particlesystem.prefab"
  },
  "5965ffac-69da-4b55-bcde-9225d0613c28": {
    "asset": 1552197698000,
    "meta": 1569811961249,
    "relativePath": "prefab\\progressBar.prefab"
  },
  "4a37dd57-78cd-4cec-aad4-f11a73d12b63": {
    "asset": 1552197698000,
    "meta": 1569811961254,
    "relativePath": "prefab\\richtext.prefab"
  },
  "32044bd2-481f-4cf1-a656-e2b2fb1594eb": {
    "asset": 1552197698000,
    "meta": 1569811961265,
    "relativePath": "prefab\\scrollview.prefab"
  },
  "0004d1cf-a0ad-47d8-ab17-34d3db9d35a3": {
    "asset": 1552197698000,
    "meta": 1569811961270,
    "relativePath": "prefab\\slider.prefab"
  },
  "1f55e3be-b89b-4b79-88de-47fd31018044": {
    "asset": 1552197698000,
    "meta": 1569811961275,
    "relativePath": "prefab\\sprite_splash.prefab"
  },
  "96083d03-c332-4a3f-9386-d03e2d19e8ee": {
    "asset": 1552197698000,
    "meta": 1569811961281,
    "relativePath": "prefab\\sprite.prefab"
  },
  "7de03a80-4457-438d-95a7-3e7cdffd6086": {
    "asset": 1552197698000,
    "meta": 1569811961287,
    "relativePath": "prefab\\tiledmap.prefab"
  },
  "0e42ba95-1fa1-46aa-b2cf-143cd1bcee2c": {
    "asset": 1552197698000,
    "meta": 1569811961292,
    "relativePath": "prefab\\tiledtile.prefab"
  },
  "0d784963-d024-4ea6-a7db-03be0ad63010": {
    "asset": 1552197698000,
    "meta": 1569811961298,
    "relativePath": "prefab\\toggle.prefab"
  },
  "bf0a434c-84dd-4a8e-a08a-7a36f180cc75": {
    "asset": 1552197698000,
    "meta": 1569811961308,
    "relativePath": "prefab\\toggleContainer.prefab"
  },
  "d1b8be49-b0a0-435c-83b7-552bed4bbe35": {
    "asset": 1552197698000,
    "meta": 1569811961332,
    "relativePath": "prefab\\toggleGroup.prefab"
  },
  "232d2782-c4bd-4bb4-9e01-909f03d6d3b9": {
    "asset": 1552197698000,
    "meta": 1569811961344,
    "relativePath": "prefab\\videoplayer.prefab"
  },
  "8c5001fd-07ee-4a4b-a8a0-63e15195e94d": {
    "asset": 1552197698000,
    "meta": 1569811961529,
    "relativePath": "prefab\\webview.prefab"
  },
  "a7ae3698-9f62-4eb4-9cda-07f040ac868e": {
    "asset": 1569812123163,
    "meta": 1569812125596,
    "relativePath": "text.ts"
  },
  "d29f731b-3fd9-4ef3-b760-1f4dfe6fce4a": {
    "asset": 1569812438533,
    "meta": 1569812446343,
    "relativePath": "role\\phantom.ts"
  }
}