{
  "version": "1.1.1",
  "windows": {
    "main": {
      "main": true,
      "url": "app://editor/index.html",
      "windowType": "dockable",
      "x": -6,
      "y": 7,
      "width": 1935,
      "height": 1066,
      "layout": {
        "children": [
          {
            "children": [
              {
                "active": 0,
                "children": [
                  "hierarchy"
                ],
                "height": 301,
                "type": "panel",
                "width": 204
              },
              {
                "active": 0,
                "children": [
                  "assets"
                ],
                "height": 644,
                "type": "panel",
                "width": 204
              }
            ],
            "height": 947,
            "type": "dock-v",
            "width": 204
          },
          {
            "children": [
              {
                "children": [
                  {
                    "active": 0,
                    "children": [
                      "scene"
                    ],
                    "height": 644,
                    "type": "panel",
                    "width": 1140.96875
                  },
                  {
                    "active": 0,
                    "children": [
                      "node-library"
                    ],
                    "height": 644,
                    "type": "panel",
                    "width": 264
                  }
                ],
                "height": 644,
                "type": "dock-h",
                "width": 1406.984375
              },
              {
                "active": 0,
                "children": [
                  "console",
                  "timeline"
                ],
                "height": 301,
                "type": "panel",
                "width": 1406.984375
              }
            ],
            "height": 947,
            "type": "dock-v",
            "width": 1406.984375
          },
          {
            "active": 0,
            "children": [
              "inspector",
              "cocos-services"
            ],
            "height": 947,
            "type": "panel",
            "width": 304
          }
        ],
        "type": "dock-h"
      },
      "panels": [
        "hierarchy",
        "assets",
        "node-library",
        "console",
        "timeline",
        "inspector",
        "cocos-services",
        "scene"
      ]
    }
  },
  "panels": {
    "project-settings": {
      "x": 662,
      "y": 245,
      "width": 600,
      "height": 565
    }
  }
}