{
  "__type__": "cc.SpriteAtlas",
  "_name": "jinchanFish18.plist",
  "_objFlags": 0,
  "_native": "",
  "_spriteFrames": {
    "1": {
      "__uuid__": "92d98efa-66ba-46e0-ac98-a9193d473b7f"
    },
    "2": {
      "__uuid__": "4b340d58-8e75-4de4-bbc7-15914d450d70"
    },
    "3": {
      "__uuid__": "5b72e3ae-706b-4e07-a921-5dc657ff9791"
    },
    "4": {
      "__uuid__": "23654404-a052-4532-b4de-fec85cc0000f"
    },
    "5": {
      "__uuid__": "b6ed01bd-d558-42b5-b93f-634a3781b9ad"
    },
    "6": {
      "__uuid__": "b6759c56-ba43-4587-ad6d-2db5ddbad65f"
    },
    "7": {
      "__uuid__": "1653f579-8b23-470e-b39b-e661fe60c1db"
    },
    "8": {
      "__uuid__": "893ef640-aa19-4677-8ac6-4db09cbadbc1"
    },
    "9": {
      "__uuid__": "cc9b1225-567f-4204-8b5d-353d1d7f9381"
    },
    "10": {
      "__uuid__": "65646ee8-7996-4c98-9811-9afbe2c8922d"
    },
    "11": {
      "__uuid__": "1af93fb4-81c0-4ec4-a21c-515b90e8676d"
    },
    "12": {
      "__uuid__": "13921903-14fe-4cb5-814a-a536d0e7280a"
    }
  }
}